Date,Content,Sentiment
2024-10-15,"Could have gone better, feeling frustrated.",-0.09999999999999998
2024-10-16,A challenging but rewarding day.,0.5
2024-10-17,"Nothing much happened, just an average day.",0.02500000000000001
2024-10-18,Enjoyed the weather and had a relaxing time.,0.5
2024-10-19,Enjoyed the weather and had a relaxing time.,0.5
2024-10-20,"Could have gone better, feeling frustrated.",-0.09999999999999998
2024-10-21,"Nothing much happened, just an average day.",0.02500000000000001
2024-10-22,Today was a wonderful day!,1.0
2024-10-23,It was a productive day at work.,0.0
2024-10-24,Feeling a bit down and tired.,-0.2777777777777778
2024-10-25,It was a productive day at work.,0.0
2024-10-26,"Could have gone better, feeling frustrated.",-0.09999999999999998
2024-10-27,Spent some quality time with family.,-0.1
2024-10-28,"Nothing much happened, just an average day.",0.02500000000000001
2024-10-29,Enjoyed the weather and had a relaxing time.,0.5
2024-10-30,"Could have gone better, feeling frustrated.",-0.09999999999999998
2024-10-31,"Nothing much happened, just an average day.",0.02500000000000001
2024-11-01,Today was rough and outcomes were hard to accept.,-0.19583333333333336
2024-11-02,It was a productive day at work.,0.0
2024-11-03,Feeling a bit down and tired.,-0.2777777777777778
2024-11-04,Feeling a bit down and tired.,-0.2777777777777778
2024-11-05,"Nothing much happened, just an average day.",0.02500000000000001
2024-11-06,"Faced some unexpected challenges, but it’s okay.",0.3
2024-11-07,A challenging but rewarding day.,0.5
2024-11-08,Enjoyed the weather and had a relaxing time.,0.5
2024-11-09,"Faced some unexpected challenges, but it’s okay.",0.3
2024-11-10,Today was a wonderful day!,1.0
2024-11-11,Feeling a bit down and tired.,-0.2777777777777778
2024-11-12,Feeling a bit down and tired.,-0.2777777777777778
2024-11-13,Today was a wonderful day!,1.0
