UniqueID,FirstName,LastName,PhoneNumber,Address,Sex,Religion
GZWWP8jJ66,Jane,Smith,+12169036232,678 Washington St,Male,Buddhism
pV6E8tj9eb,Emily,Miller,+14478145751,863 Pine St,Other,Buddhism
RIcErG295S,Sarah,Williams,+11492273635,659 Broadway,Other,Hinduism
jzupJzSfHN,John,Brown,+19958632956,993 Hill St,Other,Hinduism
kIR0tCvJaY,Jane,Wilson,+13503998917,989 Main St,Other,Christianity
ceWZ1RTf83,John,Brown,+13817603231,296 Main St,Male,Other
nbrci2RRUU,Laura,Wilson,+19617356274,172 Oak St,Male,Other
iWjBwSbDFC,David,Jones,+16805735958,653 Maple St,Male,Hinduism
ktAD922eWT,Laura,Moore,+16689556199,566 Hill St,Other,Buddhism
Txj1UDRWqz,Jane,Wilson,+17971021203,984 High St,Female,Hinduism
a3nXZdQcuc,John,Johnson,+18150517267,591 High St,Female,Christianity
87kF2LKBLT,Robert,Davis,+12177669154,318 High St,Male,Islam
nkWWV4gzqW,Alex,Jones,+13313518978,595 Maple St,Female,Other
VSTRQ0GQ4z,Jane,Taylor,+14696941959,164 Oak St,Male,Buddhism
eVVSHY1BpE,Alex,Taylor,+12245410842,215 Lake St,Female,Christianity
klCvdDMolN,Jane,Jones,+15273075433,103 High St,Male,Islam
ClPjkYVC7v,Emily,Smith,+16918386410,148 Oak St,Female,Other
GjMyiYjDkQ,Emily,Wilson,+19537436981,861 Washington St,Other,Buddhism
AxFYZP55hd,John,Wilson,+17794778124,878 Elm St,Other,Islam
jEzfcs25wS,Robert,Miller,+13499846131,915 Elm St,Male,Other
oxDDKqFZc0,Michael,Jones,+13162986388,262 Elm St,Male,Judaism
k0LIK3rciU,John,Jones,+16998287615,777 Hill St,Other,Islam
Fg40HpxPMV,Robert,Smith,+15919699968,879 Oak St,Male,Other
S2bDtkyRSW,David,Brown,+14994666757,303 Pine St,Female,Judaism
vIBAecVta4,Laura,Taylor,+14842283097,185 Maple St,Female,Buddhism
A3zSxcZhPV,Sarah,Moore,+16188423131,147 Elm St,Female,Judaism
VXITD6PLcc,David,Moore,+13030580966,132 Washington St,Other,Buddhism
Dl8dx71O6h,Robert,Smith,+15033424596,317 Maple St,Male,Hinduism
ZSZFT1DllJ,Linda,Jones,+18428097921,368 High St,Male,Islam
uQKZyXQene,Sarah,Moore,+16177357126,328 Lake St,Female,Buddhism
Q56LwJZv3V,Linda,Wilson,+15825497280,538 Broadway,Male,Judaism
MONQFPSMjy,John,Williams,+14644854123,813 Hill St,Male,Hinduism
BjcUrhSsaT,Robert,Taylor,+16264220527,823 Washington St,Other,Buddhism
JIeVpzeedu,Linda,Johnson,+14991239108,294 Pine St,Other,Other
Ogmr53iDkL,Linda,Smith,+15217714263,254 Lake St,Male,Hinduism
bwFpU1rV2t,Jane,Johnson,+12714377456,228 Lake St,Other,Islam
iNFUTnpJnu,Robert,Jones,+14967005325,332 Hill St,Female,Other
loO49OJW1u,Linda,Miller,+18394308472,943 Washington St,Other,Islam
z89SyViKU3,Laura,Brown,+14274825882,456 High St,Male,Christianity
a39xBZzC46,David,Brown,+18537883330,366 Elm St,Male,Other
p2cCATRPIx,Michael,Taylor,+18493964781,352 Broadway,Other,Islam
u97dKqeNtd,Laura,Williams,+19191730820,920 Washington St,Male,Judaism
QuAo2Yd1qt,Linda,Jones,+19641776043,838 High St,Male,Other
VIH3xgngV2,Emily,Johnson,+11469026521,269 Oak St,Other,Other
RuqwtcPpG3,Jane,Johnson,+12042292916,773 Oak St,Female,Other
CID4m6er66,David,Williams,+12093385180,575 Maple St,Male,Other
JnAlahZCZL,Linda,Johnson,+17605775995,741 Main St,Male,Islam
uYmN5M5qKR,Emily,Davis,+14813553445,108 Hill St,Other,Buddhism
PCaBBp6sU3,Linda,Williams,+18580667282,737 Main St,Male,Islam
naCjftNO9h,Linda,Johnson,+13659665639,490 Pine St,Other,Judaism
Cfuofoka4X,Alex,Taylor,+17737697393,211 Washington St,Female,Judaism
fa2j7tr02f,Robert,Miller,+13644653477,714 Pine St,Other,Hinduism
6Q0VpPgy9O,Michael,Johnson,+18421385538,404 Pine St,Other,Judaism
LhcqeBzIZI,David,Williams,+12624190989,637 Elm St,Male,Judaism
MXLbT1uSwM,John,Jones,+17378162614,239 Washington St,Other,Judaism
LDMxvsHFuE,Laura,Williams,+13989860018,369 Elm St,Female,Buddhism
vebemtVbPA,Alex,Miller,+13321526070,391 Main St,Other,Islam
VCrio7G1Yq,David,Miller,+17893919108,535 Lake St,Male,Islam
LZfClnIJ1M,Alex,Brown,+18465122432,705 Lake St,Other,Christianity
7jPgw7RnBp,Linda,Jones,+16185497434,470 Oak St,Male,Buddhism
wC4cpicieS,Jane,Smith,+11955121346,347 Main St,Other,Other
qe9MSlnHVo,Michael,Moore,+18605037763,453 Elm St,Male,Buddhism
zN1HweTt8v,Robert,Johnson,+19979454551,344 High St,Male,Hinduism
iDSd36W53j,Robert,Williams,+12026851684,582 Lake St,Male,Buddhism
H7XMmRY8sK,Laura,Brown,+16045247805,583 Lake St,Male,Hinduism
MuoDJ8NwqE,John,Moore,+12231570256,796 Pine St,Male,Christianity
GZWCD74AG5,David,Davis,+18900909125,236 Broadway,Other,Other
1DrtqjpQ9D,John,Williams,+16903288374,482 Pine St,Female,Other
4DRzuCFzlF,Sarah,Johnson,+17895014526,235 Maple St,Female,Christianity
YVsZHPf2qq,Jane,Davis,+17799546584,949 Washington St,Female,Christianity
2eyU5Qs2jg,Linda,Wilson,+18876460788,989 Washington St,Female,Islam
nkrU6iXswb,Laura,Miller,+19441060755,559 Maple St,Female,Judaism
jcwl91vw58,Linda,Miller,+14387045262,937 Main St,Female,Hinduism
qy6pVQDN6F,Jane,Moore,+12004102392,461 Maple St,Other,Hinduism
oelsMFiSH8,Jane,Brown,+16053962057,390 Broadway,Other,Islam
BiHjVaqbqg,Emily,Wilson,+15178331179,990 Oak St,Other,Hinduism
0xxGcyOmyX,John,Davis,+12094533718,830 Hill St,Male,Christianity
QioQY6vVFp,Michael,Johnson,+13899482836,952 Maple St,Male,Other
OzExreThKi,Robert,Jones,+15075773533,385 Washington St,Male,Judaism
y0NYVxf4Mo,David,Wilson,+12734884588,310 Oak St,Other,Judaism
ipoG4wh3l7,Michael,Moore,+11845278698,357 Maple St,Other,Buddhism
cLiJlXmrlq,Michael,Taylor,+15181155259,334 Broadway,Male,Christianity
6CuJEoMXZf,Jane,Johnson,+18868908706,815 High St,Other,Other
aFVOCylRF4,John,Jones,+11577651817,424 High St,Other,Other
GK4vvvut8D,Robert,Williams,+15123987261,194 Washington St,Male,Hinduism
m506UTD0LF,Linda,Jones,+13212918270,964 Pine St,Male,Other
oKERM4CKf0,Laura,Brown,+12710498569,548 Hill St,Female,Other
USeFkFe0lN,David,Davis,+17473102318,584 Pine St,Other,Hinduism
UWfyuBiClx,Robert,Smith,+11602353038,825 High St,Female,Buddhism
U7qA65UwN0,Emily,Wilson,+19460980630,562 Broadway,Male,Buddhism
v03jpRZXZn,Emily,Jones,+16762641538,396 Washington St,Other,Judaism
sUDco0hlPJ,Laura,Williams,+14277744185,245 Washington St,Male,Hinduism
EkEdDx8Vmk,Linda,Taylor,+14603906904,694 Maple St,Male,Buddhism
GNJHXKndRK,Emily,Brown,+14743197455,645 Oak St,Female,Hinduism
lH8BTXkHe4,David,Miller,+14784107640,284 Washington St,Other,Islam
Zbv20KRQub,Michael,Miller,+13678595981,580 Broadway,Other,Judaism
7xhZ9q2Qvq,Laura,Taylor,+16856982907,245 Hill St,Female,Judaism
TSyVnn3KF9,Jane,Johnson,+15977110448,817 Lake St,Male,Judaism
uree3EVwJp,Alex,Johnson,+12160175309,476 Maple St,Female,Other
kzjoVrdtrg,Jane,Davis,+18867682720,364 Lake St,Other,Other
1mnP9eeOcg,Michael,Smith,+16430511153,657 Main St,Other,Islam
Lvaz1xVgwr,Sarah,Taylor,+16272313798,945 Pine St,Male,Buddhism
NjXE4BPD2h,Alex,Brown,+14249928870,209 Washington St,Male,Hinduism
ZYfhFAGfqk,Linda,Moore,+17704008984,432 Oak St,Male,Hinduism
HQ5vXYaH9j,Linda,Moore,+18428293848,942 Oak St,Other,Islam
AfNVe13Vn2,Alex,Brown,+18629886111,454 Washington St,Other,Other
RTozEhP0aH,Sarah,Smith,+18341677829,357 Hill St,Male,Hinduism
GfuLlHvl9V,David,Jones,+15950891356,399 Hill St,Other,Islam
CJNu5WjFFA,Michael,Wilson,+17587721621,505 Washington St,Female,Judaism
pckW7Oxzvn,John,Moore,+14209773935,993 Hill St,Male,Other
KcdJFPhLAr,Sarah,Brown,+13682544219,438 Lake St,Male,Judaism
liSr8nOm7H,Emily,Smith,+13172459172,143 Pine St,Other,Other
G1sooNq7uj,Alex,Miller,+18188945338,395 High St,Male,Hinduism
oyUSpnYY45,Jane,Miller,+15592353843,675 Lake St,Other,Other
Ip9xXzz5A7,Linda,Williams,+19914508576,610 Maple St,Other,Christianity
SJRafKL3MH,David,Wilson,+18381546165,167 Main St,Male,Judaism
eTZykTpjmf,Laura,Williams,+18686828600,492 Pine St,Other,Christianity
4foOYk3l7i,Sarah,Moore,+17599869983,399 Oak St,Male,Buddhism
L1eLrXWlGs,Linda,Wilson,+19623163681,349 Oak St,Male,Hinduism
ivYs76tP58,Alex,Taylor,+13067637143,989 High St,Female,Christianity
g13YTUB1AK,Robert,Taylor,+19713086230,802 Lake St,Other,Other
cPPtnSNdvX,Alex,Jones,+14936638467,610 Elm St,Other,Judaism
Cf5pKvruUk,Jane,Moore,+15574830584,529 High St,Female,Other
J5LiyTGnht,David,Moore,+14343495970,683 Main St,Female,Islam
ZXw6KM8xaO,Laura,Wilson,+19547016752,444 Broadway,Male,Buddhism
K4d6X9glkh,Emily,Jones,+12315060506,706 High St,Other,Christianity
5cn7OJA9Dj,David,Davis,+13983825520,183 Oak St,Other,Other
0mucEq2jdn,Emily,Johnson,+16502659170,730 Pine St,Male,Judaism
sFd6OFAZeQ,Laura,Johnson,+18827167750,928 Washington St,Female,Hinduism
NhAOmORXQt,David,Smith,+13433344855,487 Pine St,Other,Judaism
HUxbaULb38,Robert,Jones,+18104689886,314 Main St,Female,Judaism
umwM4Chfpl,Linda,Moore,+16676462984,703 Lake St,Female,Hinduism
3S1Zx9Q4DN,Jane,Davis,+12983841363,914 Broadway,Other,Hinduism
qkZ7IeOggQ,Jane,Brown,+15616754628,742 Elm St,Male,Buddhism
Pbhl5pmzlg,John,Davis,+16053135958,537 Oak St,Female,Islam
XrcCn63XDy,David,Wilson,+17055224467,565 Hill St,Male,Buddhism
WmwDFWYjEu,Laura,Johnson,+16818965122,423 Broadway,Other,Buddhism
K6tt6B4fbs,Jane,Jones,+11010295917,535 Broadway,Female,Judaism
J9KUIEEr8I,David,Jones,+17685679995,613 Lake St,Male,Buddhism
nDNSSO7TkZ,David,Taylor,+17658291056,722 Elm St,Male,Buddhism
8qZtCtGlqG,Jane,Taylor,+11097761933,237 Maple St,Other,Buddhism
bK2eOS1K8n,Laura,Johnson,+16110852592,256 High St,Male,Hinduism
1GS40TjFFe,Emily,Smith,+14715686857,668 Oak St,Male,Christianity
YTp3EJIIhX,Emily,Miller,+17941735994,589 Washington St,Other,Other
EUGtoSDGg7,Alex,Davis,+11481245572,219 Broadway,Other,Judaism
JbagLCt5kb,Jane,Taylor,+18185149895,166 Main St,Other,Other
ZVUbM8lUtg,Michael,Brown,+17895310239,648 Hill St,Female,Other
HkJlnez9p3,Michael,Moore,+15053326744,870 Elm St,Female,Hinduism
2x7mZQxI5W,Sarah,Smith,+19998831674,156 Main St,Female,Christianity
JAKW3gy1Sg,Sarah,Wilson,+15970551984,720 Hill St,Male,Islam
dzQGc6f8Kx,Linda,Moore,+18687782171,293 Elm St,Female,Other
eB14KmnOtc,Jane,Miller,+11416692420,558 Oak St,Other,Judaism
LZzjgraW24,Robert,Taylor,+19047888076,707 High St,Female,Judaism
gBhcMbqLe2,Sarah,Johnson,+16212456512,959 Broadway,Other,Christianity
XApgdETIx5,Emily,Wilson,+13408816035,321 Elm St,Female,Other
kjhVcLyE1k,Linda,Johnson,+15556186747,854 Broadway,Female,Buddhism
VArWjymWrD,Linda,Jones,+17542594859,222 Hill St,Other,Christianity
pfDmtlO2HZ,David,Moore,+13383694737,118 Hill St,Male,Hinduism
BvCA7Y3kLF,Alex,Moore,+17162322475,258 Maple St,Female,Christianity
5KaBgnaE8R,John,Wilson,+14158277947,793 High St,Other,Judaism
O81QKBWURg,John,Davis,+17668038636,787 High St,Male,Hinduism
sOl3A0IiMz,Michael,Jones,+11493528825,187 Oak St,Male,Christianity
yZ4Hj3Lypx,Sarah,Taylor,+19780569275,492 Elm St,Other,Christianity
uYD2yMgKXa,Jane,Taylor,+15817163504,202 Elm St,Female,Judaism
5wdDW17kMp,Alex,Brown,+16249783043,305 High St,Male,Islam
FIPYX4drvR,Robert,Brown,+13000501877,892 Washington St,Female,Hinduism
In8Eb2tOf2,Sarah,Brown,+13874783312,562 Maple St,Other,Other
g41Z7b2c9i,Michael,Davis,+17157743230,231 Main St,Other,Islam
p3Nh6qaadT,John,Brown,+15845191515,344 Maple St,Male,Islam
dakR6HBjBO,Emily,Miller,+13423600487,766 Oak St,Male,Islam
wVurcn9Uij,John,Brown,+16466263928,215 Pine St,Male,Hinduism
Qp7JYvzA6F,David,Williams,+11659098854,358 Oak St,Male,Hinduism
a0exTa5XgT,Alex,Davis,+16662510143,115 Main St,Other,Christianity
sFfCxFVOkQ,Linda,Smith,+16402026165,846 Main St,Female,Buddhism
B3L6BOoFBd,Sarah,Davis,+16319422286,718 High St,Female,Buddhism
u8U9vvDcR1,Alex,Smith,+11540652886,675 Oak St,Female,Hinduism
RRk1ohF1y9,Sarah,Williams,+19611342079,906 Oak St,Other,Christianity
Dio56e2ve0,John,Taylor,+12431721356,156 Pine St,Other,Christianity
qelTmKoAeC,Emily,Davis,+13652456006,823 Pine St,Male,Other
NWMqMKCHRr,Linda,Miller,+15809450019,262 Maple St,Other,Hinduism
VsLDUYx03w,Laura,Moore,+13541362238,425 Main St,Female,Judaism
tlUI4eJDBH,Alex,Jones,+18732536862,949 Pine St,Female,Other
dxBoVBwNNr,Emily,Miller,+15039185525,595 Oak St,Female,Judaism
hObSOHgPw3,Robert,Taylor,+17017730386,799 Pine St,Female,Christianity
83rFcw2LTY,Emily,Taylor,+16286680299,865 Elm St,Male,Other
XdnOlxGUtM,Michael,Miller,+17386902184,598 Hill St,Female,Other
0WKBubmc5L,Michael,Wilson,+14007975852,211 Elm St,Male,Other
tHbG6Ni9Rp,Sarah,Smith,+11593537222,939 Main St,Female,Buddhism
v6rvKL0ZvS,Robert,Johnson,+16358351813,261 Lake St,Other,Hinduism
GQ0B6QZFNL,David,Taylor,+15255326415,417 High St,Other,Other
HT8OgaLWaa,Linda,Williams,+14875552064,986 Pine St,Male,Judaism
DICN2dZRHW,Laura,Jones,+11442207915,262 Washington St,Other,Other
HvDefMgZR4,John,Moore,+13717403111,810 High St,Other,Hinduism
MmEzEKyChu,Emily,Brown,+11092130995,534 Broadway,Male,Hinduism
hxBs5OMipN,Sarah,Johnson,+15182610551,658 Hill St,Female,Hinduism
F0M9OzRDU8,Laura,Miller,+12730290423,668 High St,Female,Buddhism
BQ9j4oxQT5,Alex,Davis,+11119403231,447 Hill St,Male,Christianity
eS24mRxhan,Linda,Johnson,+11577802985,488 Hill St,Female,Buddhism
6oxl4YcWHQ,Michael,Brown,+14055025991,749 Elm St,Other,Hinduism
p4IFRS7eyD,John,Brown,+14208858547,208 Washington St,Other,Islam
90cNTxbuWT,John,Taylor,+15876930221,423 Washington St,Other,Hinduism
OfkahnE0qO,Emily,Taylor,+17888122649,212 Hill St,Male,Other
XnapCMKwsr,Jane,Taylor,+16370670186,401 Hill St,Other,Buddhism
P7D6nnUB8C,Michael,Moore,+15483346295,378 Elm St,Female,Hinduism
x7bCJCNQ6Y,Emily,Johnson,+14046533505,801 Elm St,Other,Other
n6MtE9Dpi7,Laura,Taylor,+15562878395,574 Pine St,Male,Other
hTLZ2xr6L4,Sarah,Wilson,+11015758740,122 Oak St,Male,Christianity
wPZJmbjJJ0,David,Johnson,+11703865331,880 Oak St,Female,Buddhism
mnB7JNJ3oe,Linda,Smith,+11840891511,762 Lake St,Female,Buddhism
gzYI93oXwt,Emily,Williams,+17773787028,909 Pine St,Male,Christianity
5SJOXenHAb,John,Johnson,+12996325268,823 High St,Male,Hinduism
cNOHE4tKQz,Jane,Jones,+13111463368,270 Broadway,Male,Christianity
IVSVEqkkFV,Alex,Williams,+11144328952,845 Main St,Male,Other
t4uZiW2Bsc,David,Taylor,+19906530827,693 High St,Female,Other
YtDqXSv46O,John,Smith,+15107912675,440 Broadway,Female,Hinduism
JofZCNz78q,Emily,Davis,+15165663175,811 Oak St,Female,Other
qHhSbcAenz,Linda,Williams,+14499439938,844 Hill St,Other,Islam
Gxpga7UpxU,Laura,Smith,+16141411187,386 Washington St,Female,Judaism
pMklegniRT,Emily,Brown,+18094439938,834 Broadway,Female,Christianity
fGjbSJNP9x,Jane,Smith,+18497218080,994 Maple St,Other,Judaism
5qpkF6FBKj,Sarah,Jones,+12753960046,986 Hill St,Other,Hinduism
Ydkkb6yFGo,John,Moore,+18200789722,703 Pine St,Other,Hinduism
1bEew0HE7T,Michael,Wilson,+19620710142,322 Elm St,Other,Islam
RCqfa8f23R,Michael,Jones,+12100207093,432 Elm St,Other,Buddhism
BIkYcZwR2m,Emily,Williams,+14167405505,328 Oak St,Other,Judaism
KZ9cj8C15W,Laura,Brown,+12474936392,384 Elm St,Female,Christianity
daiIolBziY,Linda,Wilson,+17663268142,465 High St,Female,Hinduism
hpoQkH3VNT,Alex,Brown,+11312504948,985 Hill St,Female,Hinduism
xVjoMnwXpM,David,Jones,+15718256502,451 Broadway,Male,Other
u8AUWLQ1JX,John,Taylor,+16094035914,335 Washington St,Other,Other
qImeAwssdB,Alex,Moore,+11714359572,609 Elm St,Male,Other
5u0VddiAz7,Laura,Jones,+19913491941,944 Washington St,Female,Buddhism
cByQN4Tsvj,Michael,Johnson,+13105382450,374 Washington St,Female,Christianity
hf9t615tZe,Robert,Moore,+16089829162,273 Elm St,Other,Other
dDpvClu0jw,Laura,Smith,+16521329717,246 High St,Male,Other
pYAGZbNGAz,Robert,Wilson,+12020562263,769 Main St,Male,Christianity
NOSDSe45aj,Alex,Davis,+15665470225,348 Elm St,Female,Other
cAuQ3qM9sy,Linda,Jones,+15317448595,343 Main St,Other,Buddhism
3kb12kW0UE,Jane,Moore,+18069855923,729 Main St,Other,Hinduism
joNA0q4IPT,Michael,Jones,+19206475997,905 Broadway,Female,Buddhism
En78FmuWzV,Alex,Williams,+16734103183,238 Oak St,Male,Christianity
UmORhhOmuF,David,Moore,+19200424615,330 Hill St,Other,Hinduism
cprZmJTgQ9,John,Smith,+11890253236,490 Pine St,Male,Buddhism
kdYk8X0ybm,Jane,Williams,+13929780838,350 Broadway,Other,Judaism
ClCmILjk2l,Robert,Taylor,+16369847642,678 Lake St,Male,Other
cXsDSKaDJO,Alex,Moore,+11798739160,109 Oak St,Female,Other
lU1dBwdgJZ,Emily,Taylor,+15643759547,882 Elm St,Male,Islam
L3b8s78lR1,Linda,Moore,+14685785789,729 Elm St,Male,Judaism
FhR1mJPhJA,Alex,Wilson,+11473930878,265 Hill St,Female,Judaism
KmuaoLcGV0,John,Smith,+12960354170,894 Hill St,Other,Buddhism
CP7jkinUbj,David,Brown,+19579785756,959 Oak St,Female,Judaism
QvpZtfsWhb,Emily,Moore,+14667706992,658 Lake St,Female,Hinduism
mcDYOqIfYq,Jane,Taylor,+19902497238,811 Oak St,Male,Christianity
DwdFf9i0hg,Laura,Smith,+14932488517,258 Hill St,Other,Hinduism
WFVvs4Yidm,Jane,Moore,+12020587423,194 Pine St,Male,Christianity
Mjf5COvqS5,Alex,Johnson,+16050116371,642 Main St,Female,Buddhism
RekLIaHJ0q,Michael,Davis,+11073419886,357 Elm St,Other,Buddhism
6hq5ueghCh,Robert,Moore,+12997213199,632 Lake St,Male,Hinduism
LdZFjtciTO,Sarah,Williams,+11279920816,375 Oak St,Female,Buddhism
P3aQWANgaE,Jane,Miller,+14012347003,510 Washington St,Other,Buddhism
jCTkeiwXxk,Michael,Smith,+13645888807,661 Lake St,Male,Hinduism
uUXru74kxR,Emily,Jones,+16948480962,540 Oak St,Other,Other
tZe3WdAjFh,Alex,Brown,+19871884161,839 Elm St,Other,Islam
hhFp6vZ0y6,Robert,Taylor,+18537358630,466 Oak St,Male,Hinduism
1kivqwG2Wf,Emily,Jones,+13082590025,867 Lake St,Other,Islam
NO89P65984,Sarah,Johnson,+16554138063,960 Washington St,Male,Other
gJLWVFCvp5,David,Taylor,+14662374655,105 Pine St,Other,Judaism
pm7NBc9OAd,John,Miller,+18051029661,987 High St,Other,Hinduism
6EtR8f1eXy,John,Miller,+14141642230,615 Oak St,Other,Hinduism
RZ25DkL7de,Michael,Brown,+11139856457,110 Elm St,Female,Judaism
wqsPARDPoc,Linda,Taylor,+13263338942,221 Washington St,Other,Judaism
eEV4wq0dfc,Linda,Williams,+14496908558,477 Washington St,Male,Other
gcMvTKiOkc,Emily,Williams,+18178831359,669 Washington St,Female,Buddhism
yrT3reCzpJ,Sarah,Johnson,+19447452325,733 Main St,Other,Islam
dwrXbLvITI,Laura,Brown,+18164852800,615 Washington St,Female,Christianity
5q2kQwDkLp,John,Davis,+14817292722,162 High St,Female,Christianity
zg3EB3HojH,Emily,Moore,+19381074724,249 Broadway,Female,Hinduism
LvV2EoRqeV,Sarah,Taylor,+19002972316,324 Washington St,Female,Christianity
C4LCSyZdaY,Laura,Moore,+13296860274,589 Pine St,Male,Islam
BXtYm7XoYT,Alex,Brown,+16588390001,444 Maple St,Other,Other
3eK2GjZuZH,Alex,Davis,+19837073560,814 Main St,Female,Christianity
lPGrCwkLmF,Jane,Brown,+13076384268,245 Broadway,Female,Christianity
RgMU1PiIfY,Linda,Jones,+14237968693,940 Elm St,Other,Judaism
jF5B3RI7mI,Alex,Wilson,+13947362476,768 Oak St,Male,Judaism
3zIaytVIWO,Alex,Smith,+11624893150,386 Elm St,Female,Hinduism
FegMYvF28p,Sarah,Smith,+18660288152,229 Hill St,Female,Christianity
PjqbXnBwRx,Robert,Miller,+11826834354,451 High St,Female,Hinduism
EMUXSVPRkB,Jane,Brown,+15129939034,557 Main St,Male,Christianity
desZCeXeqm,Linda,Smith,+14628701789,212 Broadway,Other,Christianity
ZU1ca58DDi,John,Williams,+17975645914,743 Washington St,Male,Other
55qNsQ72NO,Linda,Miller,+14628993179,308 Oak St,Other,Hinduism
puVGAeCKym,Robert,Davis,+16900983520,217 Hill St,Other,Buddhism
LgSE1bW1rv,Linda,Williams,+12168817481,615 Hill St,Male,Christianity
vYjZtPy4Yj,Michael,Smith,+12473880195,804 High St,Male,Judaism
JxjJcBPMvX,Sarah,Taylor,+12490297497,416 Broadway,Other,Hinduism
HOvbRnQ2JW,Jane,Moore,+16034592316,934 Maple St,Other,Islam
aaYREBfbUk,Michael,Miller,+16731315877,918 Lake St,Female,Christianity
eCeG3ICThI,Michael,Brown,+13592719255,669 Washington St,Female,Islam
Fh4LF219uc,Michael,Johnson,+13362704836,153 Oak St,Other,Christianity
C03Uo4rRGC,Emily,Moore,+19274927094,253 Pine St,Other,Other
PQOyPevbql,Robert,Brown,+12679413688,801 Washington St,Male,Islam
ocj97fUsWA,Robert,Miller,+17161924767,189 High St,Male,Other
ukBY6drzbG,Michael,Davis,+13361370049,671 Washington St,Other,Islam
yrfU5xjSWE,David,Moore,+12644729844,964 Elm St,Other,Islam
i8MxXvrzHu,Alex,Jones,+18409227660,324 Broadway,Female,Buddhism
Sdf4GziOAR,Linda,Taylor,+18533751148,857 Lake St,Female,Christianity
xlJ1VwP7VT,Jane,Davis,+12826205026,515 Maple St,Male,Other
0SRq98PepV,Linda,Johnson,+14350043529,861 Washington St,Male,Hinduism
VJzwdOh8XU,Linda,Brown,+14752150348,948 Hill St,Male,Other
Tw7UoHq0NC,David,Davis,+19407450548,546 Main St,Male,Judaism
nwagAmNxdH,Sarah,Miller,+14648439541,478 Oak St,Male,Islam
9aAiQSGNTz,Michael,Taylor,+11941580712,788 Lake St,Other,Islam
SkX5GXEQuO,Sarah,Taylor,+15656372801,600 Oak St,Other,Other
HOAjfVgzmC,Michael,Johnson,+19614917239,259 High St,Male,Islam
B1hF4qzmUa,Michael,Jones,+14698119710,126 Lake St,Male,Christianity
6UynMndSvm,Emily,Williams,+14525936840,476 Main St,Female,Judaism
nXJzchLLVI,Jane,Johnson,+17794564068,235 Pine St,Other,Other
YuOMgAvgQN,John,Smith,+13015445867,529 Broadway,Female,Christianity
B3fc7HV0dO,David,Brown,+12166139561,527 Oak St,Other,Other
igvoQOaXTm,Jane,Moore,+12974090769,199 Main St,Female,Buddhism
OnfEB8RQ6O,Michael,Brown,+15134258655,265 Oak St,Other,Judaism
bKQ2Ejf2HD,David,Wilson,+14540390334,174 High St,Other,Other
E0zwv2eHjR,Michael,Davis,+11327784555,684 Washington St,Male,Other
DgJMkeAeKc,Jane,Moore,+18340044291,948 Oak St,Male,Buddhism
0k1MiTnfWF,Michael,Brown,+16431247660,855 Hill St,Male,Other
7WJ94ivOGG,Sarah,Miller,+14832020767,699 Maple St,Female,Buddhism
hfHaM9CyeY,Robert,Brown,+17293894615,605 Oak St,Other,Judaism
bWxzKEnpuA,Linda,Davis,+13586302948,144 Lake St,Other,Judaism
6sw2mZ2JWV,Alex,Moore,+17840293608,251 Main St,Other,Other
4fFNsxQUe0,Linda,Wilson,+16332389428,895 High St,Other,Buddhism
ktwhDoUw3t,Robert,Taylor,+13475557942,719 Maple St,Male,Other
VV5iaRQDV9,Linda,Jones,+11861253773,293 Oak St,Other,Hinduism
SfAoGtdiLV,Jane,Moore,+14349936936,116 Broadway,Other,Christianity
ypY3FuyD04,Robert,Brown,+16030658915,322 Main St,Male,Islam
5lkR0tZytq,John,Miller,+16308521369,194 Lake St,Female,Hinduism
A8xoc5WELH,John,Wilson,+18741589192,157 Broadway,Male,Judaism
ql5nMQkt92,Linda,Wilson,+14362879960,164 Hill St,Male,Islam
W36VSta5Qw,Alex,Williams,+16304425713,337 Lake St,Other,Hinduism
aFmAgspFyE,David,Moore,+18861854752,811 Elm St,Female,Other
15PZQkBDPh,Robert,Brown,+18398101036,684 Broadway,Female,Judaism
eTQ8OOdcvr,Michael,Smith,+16547513789,306 Elm St,Female,Judaism
xxrEa1gdPR,David,Moore,+18732137031,269 Oak St,Male,Buddhism
JVe6pPL8xD,Alex,Taylor,+15415609180,997 Pine St,Female,Judaism
2KXfQMMSLi,Emily,Smith,+11004020407,398 Broadway,Male,Buddhism
GtAD1ksuJ2,Emily,Miller,+12491288058,386 Maple St,Female,Other
Eo9AsEzntX,Alex,Miller,+16727096824,292 Pine St,Other,Hinduism
PJyAhPLCc6,Jane,Smith,+14238003349,633 Oak St,Female,Buddhism
VMMNhiAfj4,Emily,Miller,+11250512078,571 Broadway,Male,Hinduism
019nVaIuNI,John,Moore,+14910459857,166 Lake St,Male,Other
VCRl42hNw8,Michael,Johnson,+18321865563,779 Lake St,Female,Hinduism
ZdhBW1CxJ8,Emily,Miller,+12781757864,157 Maple St,Male,Hinduism
VRcGdeu9yc,John,Miller,+19254245571,886 Elm St,Male,Buddhism
oI7uTgwtY4,Jane,Smith,+18337421246,208 Washington St,Other,Other
9F56pP6Bed,Sarah,Jones,+15618095925,423 Maple St,Male,Judaism
EQc17nEAn0,Emily,Brown,+18104845021,643 Oak St,Female,Other
4Lz05HQhfX,David,Smith,+17501148317,221 Hill St,Other,Islam
v2bSI8b7tK,Robert,Miller,+16359954854,188 Maple St,Other,Buddhism
UKb4PJmqu5,Emily,Williams,+17217949598,744 Oak St,Male,Other
OF4lNmRHJQ,Alex,Taylor,+16560117144,965 Maple St,Female,Judaism
l4bZoYQneD,Alex,Miller,+19656241038,522 Main St,Other,Hinduism
s9ieIbu5VY,Sarah,Jones,+16193830239,950 Oak St,Male,Judaism
ROz48qnTnM,Sarah,Moore,+13876601076,434 Washington St,Other,Other
M3bu4nlxIS,Laura,Moore,+14805176544,251 Hill St,Female,Hinduism
iIjQ9DSTlp,Michael,Brown,+15991017897,884 Hill St,Male,Christianity
dabBKvqQCM,Robert,Johnson,+12430449319,364 Lake St,Male,Judaism
sAdapiPi3U,David,Jones,+17521107791,600 Main St,Other,Buddhism
VoRa2ZeiJu,Robert,Johnson,+11072848910,116 Elm St,Male,Buddhism
wQsW2TGnPN,Alex,Taylor,+19160150143,285 Broadway,Female,Judaism
E9e7K6Q5kD,Jane,Moore,+15566360719,436 Pine St,Female,Hinduism
XJTlYI6EMF,Michael,Johnson,+19416732746,690 Main St,Other,Other
NU0U4J7C4Z,John,Jones,+11783845503,560 Main St,Female,Hinduism
DwFsluhbAH,John,Miller,+16567878302,123 Broadway,Male,Other
QArXsYbv85,David,Wilson,+15792868095,306 Hill St,Female,Hinduism
Tod7Se6p5N,Emily,Davis,+14129176420,528 High St,Other,Judaism
2g4CjonGxt,Sarah,Brown,+19086560209,921 Oak St,Male,Hinduism
vQif6tLZEP,Laura,Wilson,+16799211577,188 Main St,Other,Judaism
YAzGsf7JL4,Robert,Brown,+15081543562,114 Maple St,Female,Other
inyEjoNOpc,John,Davis,+15140098336,209 Elm St,Other,Hinduism
UCieOigqLN,John,Jones,+16333980730,108 Broadway,Other,Islam
MnlAjseF5v,Robert,Wilson,+16702428915,231 Hill St,Other,Judaism
53xUYgsuo4,Alex,Wilson,+14863270098,496 Oak St,Female,Hinduism
u0K8bHGvaI,John,Jones,+13159027581,421 Hill St,Female,Christianity
2QpizEY77L,Sarah,Smith,+11976778066,593 Washington St,Female,Islam
j0EovaeeL5,Linda,Wilson,+15698723057,291 Maple St,Other,Judaism
HKFwhTe82a,Jane,Wilson,+14887783955,120 Pine St,Other,Hinduism
Suzz9ncfIL,Michael,Johnson,+18317585160,259 Washington St,Male,Judaism
hRUXz6mmFe,Sarah,Johnson,+16787411815,283 Elm St,Male,Other
XqqoYBzeeI,Michael,Taylor,+15886931002,373 Maple St,Female,Christianity
FvrGXxdZxy,Michael,Wilson,+14531460820,483 Hill St,Other,Buddhism
phqc4VZK7S,Laura,Davis,+18227559167,258 Washington St,Female,Buddhism
xRrezQGggC,Alex,Miller,+11282824445,235 Broadway,Female,Judaism
t1f8e0V9Sr,Laura,Brown,+13948854582,655 Pine St,Female,Judaism
Yl37Hjof0p,Michael,Williams,+15065866605,136 Lake St,Female,Christianity
rVF8oxXS4O,Michael,Miller,+16692148662,309 Elm St,Female,Other
x8l4ccTOsY,Jane,Wilson,+15147816902,725 Broadway,Male,Buddhism
b7esYcsPms,Jane,Jones,+12233061385,724 Lake St,Male,Other
oKVzbOKLhC,David,Brown,+15716125117,689 Washington St,Female,Buddhism
Ne7vU4S3K3,Michael,Brown,+15408400156,350 Broadway,Female,Christianity
Z7Tvb4SYXh,Alex,Smith,+13987789670,668 Broadway,Male,Islam
fRzhDzXWcb,David,Davis,+18238255162,141 Elm St,Female,Islam
gquI7UeRTW,Jane,Taylor,+12244113982,476 Lake St,Other,Christianity
ff7nrXkob4,Jane,Brown,+15464784365,392 Washington St,Female,Buddhism
lJURE8Yl9U,Emily,Moore,+13642277916,966 High St,Other,Other
uDXLTbnHns,Sarah,Williams,+16146842883,545 Lake St,Other,Buddhism
aUKvToG6Zw,Jane,Taylor,+12005379264,383 Hill St,Male,Christianity
Mbm76azu5j,Sarah,Moore,+19565907746,841 Broadway,Female,Buddhism
P0EV7WXXBr,Jane,Wilson,+13236821082,563 Lake St,Female,Buddhism
ny4XIGWrya,Alex,Taylor,+14500439002,210 Broadway,Male,Judaism
A9yktRuCvb,Alex,Brown,+12259506370,687 Broadway,Other,Judaism
naaD18F5t8,Laura,Smith,+13633004500,385 Elm St,Female,Judaism
1PhuJI0E3c,John,Taylor,+12396077747,632 Washington St,Other,Islam
VNxkb3VCIg,John,Johnson,+13561979926,437 Elm St,Male,Judaism
ndF5I9WTk0,John,Smith,+12434620282,793 Main St,Male,Islam
TshxyOnLwk,Sarah,Moore,+19572646267,806 High St,Other,Christianity
t0AliS5eSD,John,Smith,+15787974016,659 High St,Other,Islam
i3B3S0RClP,Laura,Davis,+16748479753,762 Oak St,Female,Islam
58nkdvWYpA,Michael,Moore,+11299965259,946 Washington St,Other,Judaism
bRUEMef4Bs,Jane,Moore,+19803364355,959 Washington St,Male,Other
zCE9az9cAY,Jane,Williams,+17241795752,791 Pine St,Female,Hinduism
BbiajMWLu6,Alex,Brown,+13521346941,929 Washington St,Male,Hinduism
dfIs7u3tX8,Emily,Jones,+15421442798,720 Washington St,Male,Islam
7Jrf73upas,Alex,Miller,+11446500402,439 Main St,Other,Islam
R0D3mgvEc8,Robert,Miller,+16295300283,887 Lake St,Female,Islam
4200mC91Dy,Michael,Taylor,+17801203138,979 Hill St,Other,Buddhism
7j8Ryp4ooW,Robert,Williams,+15245629088,221 Oak St,Female,Christianity
SEZuGOZhKR,Alex,Smith,+15559946290,508 Elm St,Female,Islam
60mXCIMRyK,Michael,Miller,+18806483737,336 Maple St,Female,Hinduism
Ob6lBBTxNx,Alex,Johnson,+13835631216,523 Elm St,Female,Islam
9nn5pL2o1L,Linda,Brown,+16228968993,511 Hill St,Male,Islam
hfrXM91FeO,Linda,Moore,+19607882027,944 Hill St,Male,Other
ItPa8QJWx4,Jane,Smith,+13549254183,507 Lake St,Male,Other
ypSMuADLjQ,John,Wilson,+11728379068,872 Oak St,Other,Christianity
MrP97SGDzQ,Linda,Williams,+17874531348,302 Broadway,Female,Judaism
3OJpvBaDSz,John,Miller,+19052768291,948 Elm St,Male,Christianity
neqyj8yGgw,Linda,Jones,+17365180613,595 Lake St,Male,Islam
GBMBiFwdt4,Jane,Jones,+16862461514,470 High St,Female,Other
JhPbmrTU8M,Alex,Davis,+12561499826,287 Elm St,Other,Judaism
5eNeoQbYd3,Alex,Moore,+16663759083,478 Main St,Other,Buddhism
3o5G9atbij,Jane,Williams,+17925894237,505 Pine St,Male,Judaism
CdhBdvYlms,Sarah,Wilson,+18951940300,642 Broadway,Female,Hinduism
2IKMSTjTGP,Jane,Williams,+12246083088,487 Elm St,Male,Judaism
Y4dwv1k5Oy,Sarah,Smith,+12363773998,587 Washington St,Female,Islam
bzEjhVUPCB,David,Johnson,+16697549342,349 High St,Female,Islam
zRZT0YfaxP,Sarah,Wilson,+18228654154,801 Washington St,Female,Hinduism
yB6DMl2PDP,Laura,Brown,+11359380265,406 Oak St,Male,Other
IkyAOhPUr3,Sarah,Smith,+13962150863,669 Broadway,Male,Judaism
6aFMZfG1NV,David,Davis,+14250624848,855 Main St,Other,Buddhism
6OzHxaBhzD,David,Johnson,+17899279722,323 Maple St,Other,Hinduism
CfUsjEvDcz,Laura,Wilson,+16840985351,473 Lake St,Other,Other
RCJsRLb8op,Michael,Williams,+17032716671,237 Maple St,Female,Islam
BtjBZAM7wk,Emily,Smith,+12603072494,133 High St,Female,Christianity
kfmymKkGJP,Michael,Williams,+16244544556,730 Broadway,Female,Buddhism
kENyOqq58Y,Laura,Davis,+16750728718,999 Pine St,Male,Islam
huOgu7G8SJ,Sarah,Davis,+14712893587,627 Washington St,Female,Christianity
P0oKV2rOhV,Alex,Davis,+16960441637,888 Washington St,Other,Christianity
B6PDG0J6Kh,Sarah,Wilson,+13052967722,413 Hill St,Female,Christianity
Jj7zZXbedx,Laura,Jones,+11838032130,927 Lake St,Male,Other
3uK5skPuX2,Robert,Johnson,+16575282677,322 Maple St,Female,Other
fay1Snsqlu,Emily,Johnson,+19032626950,914 Maple St,Male,Buddhism
zD0w8iFf8q,John,Miller,+14003554224,642 Elm St,Male,Christianity
1k1hNWvc0h,Emily,Davis,+11187053546,653 Hill St,Other,Christianity
Gj897Rx8Ee,Laura,Miller,+18512852959,738 Main St,Male,Christianity
OYpk99tvt8,David,Williams,+18905854002,874 Main St,Male,Islam
eUjbDgUHxj,Robert,Taylor,+12442322091,456 Oak St,Male,Other
ktgvDbAdxz,Jane,Johnson,+18681215767,963 Broadway,Other,Judaism
ffzLoQ5oV6,Michael,Miller,+19202343867,525 Washington St,Male,Judaism
p3RtfMbyyH,Emily,Moore,+11140992823,559 Washington St,Other,Buddhism
WVz88b4odo,Michael,Brown,+16043191927,648 Broadway,Male,Judaism
CBv0b9s8QX,Michael,Moore,+16875347726,991 Broadway,Male,Buddhism
zaMZnbxRCF,Alex,Johnson,+19901014411,666 Elm St,Female,Christianity
RscCp8Tr82,Sarah,Smith,+11251180035,754 Oak St,Male,Islam
n6ocuLHy55,Emily,Smith,+13917383592,574 Pine St,Female,Other
jo5EIFVIHb,Linda,Moore,+14819229071,162 Washington St,Male,Other
NHkys2YTm2,Alex,Taylor,+12277682472,830 Maple St,Male,Other
vMF6NlCP6A,Laura,Smith,+11591495548,511 Elm St,Male,Buddhism
rWm4xJ1UoN,Linda,Johnson,+18150758866,952 Maple St,Other,Judaism
3PUDbcSmeY,Robert,Moore,+14122172827,247 Washington St,Male,Buddhism
WlkECUAGrx,Robert,Jones,+19598215067,696 Hill St,Male,Christianity
oFdK7UqNrc,Jane,Johnson,+12381602271,745 Pine St,Female,Hinduism
i2CssdPug0,Jane,Taylor,+19002640831,623 Main St,Male,Judaism
njYoAFisOq,Jane,Williams,+12293930758,958 Oak St,Female,Hinduism
1yKC7ScTDa,John,Smith,+13413292558,716 Main St,Male,Hinduism
647DxnwMj3,Emily,Williams,+13788374438,288 Lake St,Female,Buddhism
vsyJ8XUKpA,Michael,Taylor,+19883775330,251 Oak St,Other,Other
YdDtpFLBu5,Robert,Johnson,+18344915211,922 Main St,Other,Buddhism
8eASWZ78ip,David,Brown,+17766332097,516 High St,Male,Judaism
rtSsEbwMJ8,Michael,Brown,+17664553656,254 Maple St,Other,Other
Mo5S1m01YA,Michael,Johnson,+11219004307,438 Elm St,Male,Christianity
vWvw6wHE2j,Alex,Smith,+18537889657,536 Main St,Male,Islam
9jJWQRQImO,Linda,Brown,+13409249925,708 Main St,Other,Hinduism
bCNlHVbRbX,Michael,Smith,+19492807838,924 Elm St,Male,Hinduism
0f6AZTMhKD,Jane,Johnson,+11415941031,484 Pine St,Female,Christianity
niGBdMoJPi,Sarah,Davis,+18522854504,702 Lake St,Male,Christianity
7XxxR94oXr,John,Brown,+11933034027,829 Elm St,Other,Buddhism
XcZ8OuX82O,Laura,Taylor,+15023097455,742 Hill St,Other,Buddhism
iDrKPMOxQH,Sarah,Moore,+14534378937,486 Elm St,Male,Judaism
OeCXyUXpyO,Alex,Johnson,+11462083061,957 High St,Female,Buddhism
I1Yym2NbHT,Sarah,Taylor,+12057240903,135 Elm St,Female,Buddhism
GUImjhW7YY,David,Williams,+19633707477,543 Hill St,Other,Hinduism
tLqgLoQ5nv,Emily,Brown,+19880958106,971 Washington St,Other,Other
TgRXselY9C,Linda,Davis,+17050713987,496 Pine St,Female,Judaism
0vqgsdtIsZ,Linda,Smith,+15374772836,405 High St,Other,Christianity
P1LGvkCWXq,Robert,Moore,+11056422659,814 Washington St,Male,Christianity
AJ49C2aNTY,Alex,Brown,+16985111191,743 Hill St,Male,Hinduism
AgIEaDNMHJ,David,Williams,+17438508165,821 Broadway,Male,Hinduism
HvHa4eCcYq,Robert,Taylor,+12395537334,179 Washington St,Male,Judaism
qhIcGhx3VZ,Sarah,Smith,+12373582422,911 Lake St,Female,Judaism
iTw8RdMHA7,Laura,Johnson,+19436668884,326 Lake St,Female,Islam
Fn7VnpFaDY,Alex,Wilson,+14929176824,322 Hill St,Female,Judaism
rxZtGJXahF,Sarah,Miller,+12235247802,469 Broadway,Female,Hinduism
sLzCS4aLQu,Robert,Johnson,+17974192000,534 Main St,Male,Islam
XuaZK2zKPB,Sarah,Smith,+13160953546,821 Main St,Male,Buddhism
fkkfuxIBzB,John,Davis,+19648790919,937 Hill St,Female,Hinduism
VRrJpezurm,David,Miller,+19907495955,268 High St,Female,Islam
9Y4Yc5d1NF,Alex,Wilson,+12407808936,770 Main St,Other,Islam
fyZeNPEGih,Laura,Williams,+12197103323,239 High St,Male,Christianity
dWwBVcgWIr,Jane,Miller,+19554106601,706 Maple St,Male,Judaism
LLP40QTjgB,Robert,Wilson,+13507395597,752 Hill St,Female,Other
K3V9lXOwoV,Emily,Williams,+12253786339,288 Pine St,Female,Christianity
85UKTnhQWr,Emily,Wilson,+14898438508,623 Elm St,Male,Judaism
wQul9w4zMI,Emily,Williams,+19323004479,122 Broadway,Other,Judaism
DmGO6OhkIz,John,Johnson,+12223060887,734 Washington St,Female,Christianity
kR0IUKuqXU,Linda,Smith,+15927813099,933 High St,Male,Christianity
6m4YIDwbZE,David,Davis,+16973421335,802 Hill St,Female,Buddhism
oRAbksXoIm,Sarah,Miller,+13132805970,561 Broadway,Male,Christianity
A0zPna1Ws3,Linda,Johnson,+14281703860,600 Maple St,Female,Christianity
4rAUD4gRsC,Laura,Smith,+13814832637,379 Pine St,Male,Judaism
RiFXdEipBA,Laura,Miller,+11517331720,106 Broadway,Male,Christianity
MUipjlH8kc,Alex,Taylor,+15353308430,587 Hill St,Female,Judaism
pGB9MTEhHO,Sarah,Taylor,+14958723175,923 Maple St,Male,Islam
58qjDvlzxe,Alex,Williams,+17610832221,541 Lake St,Male,Other
rbrcyTQdrK,Jane,Smith,+12851934648,279 Lake St,Other,Other
dnbyK36pNQ,Linda,Miller,+15115375536,479 Oak St,Male,Christianity
3x4tiCutHQ,Michael,Miller,+15693380891,791 Broadway,Other,Hinduism
8Af5XXQb8n,Michael,Williams,+18033818081,422 Broadway,Other,Judaism
exOru6VdKR,Emily,Davis,+15519902748,590 Oak St,Male,Christianity
2KXgC9APp6,Linda,Moore,+16763098986,803 Hill St,Other,Buddhism
LiKgsEgYYp,Jane,Davis,+16722099822,574 Washington St,Female,Christianity
C36KVNMDLT,Robert,Jones,+13125727288,535 Maple St,Male,Buddhism
DOI4kU3Qll,Linda,Taylor,+17065953594,929 Main St,Female,Hinduism
E7TWwBKwfT,John,Brown,+18188440009,367 Maple St,Other,Hinduism
PevPt8xsJt,Sarah,Taylor,+13982958151,467 Broadway,Other,Christianity
P0ggAPlUjY,Robert,Brown,+11117994196,896 Hill St,Female,Buddhism
S2CQkABNAd,John,Davis,+14051261537,906 Main St,Male,Judaism
Zm6C7Se4a4,Sarah,Davis,+15552708356,753 Hill St,Female,Hinduism
svyntLeNVg,Alex,Johnson,+13028958044,203 Pine St,Female,Hinduism
n2SrSxje1j,David,Jones,+17601136547,744 Oak St,Male,Judaism
3Jlf3kglsq,John,Jones,+18430242916,471 Maple St,Male,Other
keXRuEIOhg,Alex,Wilson,+13855830644,958 Elm St,Female,Judaism
vjOOVa0iFc,Jane,Miller,+16627401636,101 Maple St,Female,Islam
wy28sDr0nQ,Sarah,Jones,+16507501884,860 Broadway,Male,Hinduism
MjbLUWnj5j,Alex,Wilson,+17414441299,608 Oak St,Other,Judaism
Dy6eWw2eUD,Alex,Taylor,+17570084923,643 Pine St,Male,Hinduism
PcPCs9Qlzi,Laura,Brown,+12310031909,332 Pine St,Male,Other
SaxXOwqgJ6,Michael,Brown,+16139444300,937 Maple St,Other,Judaism
LDF6ffjkFT,Jane,Wilson,+17362300337,135 Maple St,Male,Hinduism
jPLNbtMGLA,David,Davis,+11409593554,924 Lake St,Other,Islam
QVX17om5qG,Emily,Williams,+19917280495,160 Hill St,Other,Christianity
29vR8Sab9v,Michael,Jones,+16117838774,812 Main St,Male,Christianity
IPRDYwejVP,Jane,Wilson,+13674286053,765 Broadway,Male,Islam
hZhKVLvX6Z,Emily,Johnson,+11035459691,533 Elm St,Other,Islam
yxCfAGIpYV,David,Moore,+17570811293,293 High St,Female,Hinduism
uSkkuvBoyU,David,Miller,+18377820627,648 Lake St,Female,Other
UzflKbN01u,David,Brown,+17125804136,233 Lake St,Male,Judaism
Nj1FTB0Kcs,Jane,Smith,+14339324988,904 Washington St,Male,Judaism
SxcO7GO9tI,Linda,Johnson,+18755003573,657 Lake St,Female,Hinduism
SJkWRCHz1p,John,Jones,+14356408254,185 Hill St,Other,Buddhism
6L7l1sb3Ht,John,Brown,+14403681140,267 Pine St,Male,Hinduism
mMHCRRiGJg,Laura,Johnson,+19612856167,866 Oak St,Male,Buddhism
giUAyTK5TC,Robert,Davis,+14350525970,820 High St,Other,Islam
MaTvO6xeKB,Sarah,Brown,+14074905595,945 Maple St,Male,Hinduism
jVCxurgE9P,Linda,Johnson,+12529887074,666 Oak St,Other,Islam
1g8RN5Xb1G,Linda,Davis,+18879519519,422 Elm St,Male,Hinduism
LQFAh6jPeY,Michael,Miller,+13120853348,917 Lake St,Other,Christianity
BFj4KLmUNI,David,Brown,+14536981012,393 Broadway,Female,Judaism
egMENcomQ5,Linda,Miller,+16128112079,381 Elm St,Male,Buddhism
Zh1Mgj1KYi,Alex,Wilson,+18000110985,218 High St,Male,Buddhism
3OOEsPs3TY,Sarah,Wilson,+19054837161,283 High St,Female,Judaism
ufQpTPZzV9,John,Taylor,+19637562901,357 Maple St,Female,Buddhism
eB7sicyOPq,John,Davis,+15191634702,873 Washington St,Other,Christianity
fCVWJk6Riu,Emily,Williams,+13977845980,466 Pine St,Other,Other
J2CcIKsGfE,Linda,Miller,+17406184667,575 Pine St,Female,Islam
jUJ8SEo4kb,Sarah,Taylor,+19010849665,355 Broadway,Female,Judaism
fquEjP1IbS,Alex,Taylor,+13166671441,130 Lake St,Other,Hinduism
T8TCWOKUub,John,Williams,+13723367967,434 Elm St,Other,Hinduism
qftVxKCvxX,David,Williams,+11803918596,971 Maple St,Other,Judaism
adBGkihCJx,Robert,Jones,+14928435096,213 Broadway,Other,Islam
6SB7cok438,Robert,Johnson,+14963126577,425 Lake St,Other,Buddhism
rZL0cjRM9R,Linda,Johnson,+19913060527,195 Pine St,Female,Hinduism
xso6MqK5F2,Laura,Brown,+16492703068,808 Oak St,Male,Hinduism
HrE0mnGy6R,John,Wilson,+17189275850,888 Pine St,Female,Other
hHlAk5YUlb,Michael,Johnson,+12680482741,222 Broadway,Female,Buddhism
Qrt5kYFR50,David,Brown,+11526178575,655 Lake St,Female,Islam
tFJmmjewjA,David,Davis,+12204116997,502 Hill St,Female,Christianity
YW2TrzHCYT,Jane,Williams,+18204869054,683 Main St,Male,Buddhism
rCWCePQEU9,Michael,Smith,+18213933680,853 Main St,Female,Other
yneGSCwBCS,John,Williams,+13201475545,505 Maple St,Other,Islam
VhZeRdysMt,David,Smith,+15545471910,992 Maple St,Female,Hinduism
gTjyfyr01h,Sarah,Taylor,+18749034457,877 High St,Other,Christianity
MpVirmqTJN,John,Miller,+17020770307,238 Maple St,Other,Christianity
fuT6LH5MjR,Robert,Johnson,+15545044054,637 Washington St,Female,Buddhism
Q33DBrvd72,Alex,Johnson,+11773517457,661 Broadway,Male,Christianity
BChbtrGZ0v,John,Smith,+17051257555,791 Main St,Female,Judaism
1I0EkHyK4g,David,Wilson,+19795731017,784 Oak St,Other,Islam
QmnzPfGCIx,Michael,Smith,+13765524220,207 Elm St,Female,Judaism
9ONYjwllxd,Laura,Smith,+12987388060,531 Hill St,Female,Hinduism
F3ef7UZyhS,Linda,Brown,+19794209621,278 Elm St,Male,Other
9YqrVffLTl,Emily,Miller,+19926241382,132 Elm St,Female,Other
mWZ6ibRzXu,Emily,Miller,+11774066569,408 High St,Other,Islam
xGWygwqJWA,Alex,Taylor,+17358478473,331 Maple St,Female,Hinduism
azhEzFfxKn,Michael,Jones,+11401349177,497 Oak St,Other,Buddhism
NsebCSvXkh,David,Johnson,+16404288330,387 Hill St,Female,Islam
jMxztqdYPJ,Linda,Smith,+11235808213,310 Hill St,Female,Judaism
7qoSl2JAMQ,John,Miller,+12311307497,641 Maple St,Female,Buddhism
TAmdh365Rh,Linda,Smith,+18446592670,882 High St,Other,Judaism
dZ5J4cxEy8,Linda,Wilson,+16228368328,135 High St,Other,Christianity
LzUTtnDsl0,Laura,Taylor,+13613578248,147 Pine St,Male,Buddhism
LkdvoVBsG0,David,Johnson,+13982309231,775 Hill St,Female,Judaism
UdQP2te0Gm,Laura,Moore,+18197151749,128 Hill St,Female,Hinduism
irKu2hmADD,Emily,Johnson,+15422291031,364 Lake St,Male,Islam
Paq8hl6zer,John,Brown,+12288091435,663 Pine St,Female,Judaism
GFb3MYkpbM,John,Brown,+14024277221,691 Broadway,Other,Buddhism
izPnLgRZOf,Linda,Jones,+17715373914,335 Oak St,Male,Christianity
6Nqttics39,John,Jones,+16550229870,532 Main St,Other,Hinduism
uoYYeDb0eJ,David,Jones,+15846484551,444 High St,Female,Buddhism
aOywHVQwTs,Emily,Davis,+17985092892,361 High St,Female,Buddhism
j4wYhejLyi,Robert,Taylor,+13828743902,172 Maple St,Other,Buddhism
X2VhbG6TDI,John,Miller,+15468631556,783 Oak St,Female,Islam
aZ41bSss8S,Alex,Brown,+18854212299,797 Lake St,Male,Hinduism
y8WLobo7GS,Sarah,Jones,+13852918218,160 Washington St,Other,Christianity
NRsmlyTTCJ,Linda,Davis,+19159310881,370 Elm St,Other,Other
43cmQTAlLb,Linda,Miller,+14100387250,867 Hill St,Male,Judaism
sRyp2AnGcR,Michael,Taylor,+19475519036,707 Pine St,Male,Christianity
MkQ0Ka0VhU,Alex,Brown,+17512050865,227 Broadway,Male,Christianity
kUq9tBHC8M,Emily,Smith,+15675839603,472 Pine St,Female,Islam
pKcWfctPgi,Jane,Johnson,+16103624213,991 Pine St,Other,Islam
iPKXFHJyLD,Emily,Davis,+15299866703,776 Hill St,Male,Hinduism
I8uXkJNztM,Michael,Miller,+18282580337,774 Lake St,Other,Judaism
2IoBUxyJk1,Jane,Jones,+15018755396,517 Elm St,Female,Judaism
WNkcmQPfOi,Robert,Davis,+19227258796,606 Pine St,Female,Hinduism
8i4ZAnp7l6,Michael,Williams,+14689501642,870 Hill St,Other,Christianity
7hP88w17nO,John,Jones,+16690929015,865 Pine St,Other,Buddhism
mUgx1OS059,Jane,Williams,+14503857565,905 Broadway,Other,Christianity
fZ7qN6R7al,Linda,Miller,+19158761084,182 Hill St,Other,Buddhism
ueNCSiVk4X,Sarah,Williams,+11419418320,583 Broadway,Male,Islam
VsFPRiACcx,Alex,Davis,+18916906668,415 Maple St,Male,Judaism
SfHqFzahoZ,Linda,Smith,+16383447789,287 High St,Other,Christianity
q5dYnnWshY,Emily,Taylor,+11637763130,536 Oak St,Other,Judaism
pvAbxgLR1k,Jane,Williams,+18234336049,880 Elm St,Male,Christianity
lSx4o3IHGm,Alex,Brown,+17159155035,701 Main St,Other,Buddhism
sJZnhNJKX3,Linda,Brown,+17583402208,220 Hill St,Female,Judaism
C5VCDKepwC,Alex,Taylor,+14891311098,938 High St,Female,Islam
uSlm4jPpDJ,Michael,Taylor,+16384850339,283 Lake St,Other,Hinduism
jvfIn4AfCg,Jane,Jones,+12465896697,128 Oak St,Other,Christianity
fOQ2AO3dVR,David,Williams,+11877995471,951 Elm St,Female,Hinduism
WSdsTRZRoH,Sarah,Moore,+18831555055,656 Washington St,Male,Islam
1ScH44n66Z,Robert,Miller,+14000400314,406 Oak St,Female,Judaism
ndzYDNo8f5,Sarah,Smith,+16018623276,839 Hill St,Other,Buddhism
JDn9UWrx6p,Alex,Davis,+14939121334,312 Pine St,Female,Buddhism
M6HZRgBxch,Jane,Taylor,+11826016316,472 Elm St,Female,Islam
JFPTVssGcx,John,Williams,+14339695863,176 Maple St,Other,Islam
rjEiBVhkav,Emily,Wilson,+11302867760,861 Maple St,Female,Buddhism
I8vdhcO7Wp,John,Jones,+17954952015,740 Maple St,Female,Other
LsMCjhGWw5,David,Jones,+17069826847,539 Oak St,Other,Buddhism
JyeAbrsCWi,Linda,Miller,+15554600057,247 Elm St,Other,Islam
cQ7uTdMgQ8,Emily,Jones,+12456509806,563 High St,Female,Hinduism
pJo5zTp4XK,Michael,Smith,+16438268064,528 Hill St,Male,Hinduism
UGKtfJ84Uv,Alex,Taylor,+18446693373,384 Maple St,Other,Buddhism
0qlwIoPbvA,Alex,Moore,+12249154579,387 Main St,Male,Christianity
nxjmrzkk9I,David,Smith,+12861794359,437 Elm St,Male,Hinduism
VDuZBB2MB2,Laura,Smith,+19044239091,277 Broadway,Female,Buddhism
567our2HJW,Robert,Taylor,+19258645235,826 Lake St,Male,Christianity
uQ3UcLPO2C,Emily,Taylor,+15913862340,595 Lake St,Female,Islam
GB0NjvhGPS,Laura,Williams,+18583877235,994 Maple St,Female,Judaism
zv3ffo63Xa,Robert,Brown,+15150861274,134 Maple St,Female,Buddhism
cRpfSrp82E,John,Brown,+12651483205,685 Pine St,Female,Judaism
j42jl7ck2p,Sarah,Brown,+18091232393,822 High St,Female,Buddhism
0djQQvxXQ2,Sarah,Brown,+16616429302,562 Washington St,Other,Judaism
M1PHvZgV9q,Laura,Brown,+15557592670,278 Lake St,Other,Buddhism
avlcQK974U,Sarah,Smith,+17232612470,353 Broadway,Male,Judaism
nLKX2yOh9q,Robert,Smith,+15734589554,738 Maple St,Female,Christianity
V3pYZQaY1F,Alex,Wilson,+14012921121,949 Oak St,Male,Christianity
U7F1LD4Zoi,David,Moore,+17492217283,397 Maple St,Male,Buddhism
tnYZCyU5vN,Emily,Moore,+13431548444,493 Elm St,Other,Islam
BiVrEX9NSm,Sarah,Davis,+12142898679,835 Elm St,Female,Buddhism
O656urAz3D,Laura,Davis,+15491282418,797 Washington St,Female,Islam
Pala1ozQPF,Sarah,Davis,+17284432698,159 Pine St,Female,Christianity
HsAwrBXYIJ,David,Davis,+16291608816,738 Elm St,Male,Hinduism
4wsHhdAQEd,Robert,Jones,+14795818935,168 Elm St,Other,Hinduism
rYOemcEs6x,John,Davis,+18314089560,344 Broadway,Male,Other
7BnNc878CV,Sarah,Taylor,+19858603972,370 High St,Other,Buddhism
Avir9EbOKm,Alex,Brown,+15963673144,475 Lake St,Female,Buddhism
Fn6epI88Vr,Robert,Davis,+17756402565,934 Pine St,Other,Buddhism
YdpZZtHj0z,Jane,Wilson,+11374007117,383 High St,Other,Other
ctsPyUufpK,John,Williams,+18883761843,220 Broadway,Other,Judaism
meLNgl4lvV,Sarah,Smith,+11439065144,377 Elm St,Female,Hinduism
THSYKeclVl,Sarah,Williams,+17211138662,287 Elm St,Female,Buddhism
YPBdz2WJOZ,Jane,Moore,+12207912425,700 Hill St,Male,Hinduism
YMQ1hoCjOA,Sarah,Taylor,+18599009281,940 Broadway,Male,Other
A3g66VJQBE,Michael,Moore,+17802946148,290 Pine St,Male,Christianity
96ViRATT6P,Robert,Taylor,+16949575673,409 High St,Female,Other
OsDAzgZHrt,Michael,Smith,+13542791731,545 Elm St,Other,Buddhism
Iv0ogo44xO,Michael,Williams,+15821939964,325 Oak St,Female,Hinduism
e7cTAl9SZ4,Jane,Wilson,+16225020602,796 Oak St,Male,Judaism
1ZZHsT5rIn,Alex,Wilson,+13687156940,984 Washington St,Female,Hinduism
K0iPNWy6pV,John,Brown,+17049699839,911 Broadway,Other,Hinduism
lqnEviqPnP,Sarah,Miller,+19136298629,641 Hill St,Female,Buddhism
bZ7EbxfPJA,Linda,Johnson,+14060353659,541 Washington St,Male,Other
a9fldEFSS9,Linda,Smith,+15622656369,661 Elm St,Male,Judaism
2XodX9mrPD,John,Johnson,+13108209256,439 Main St,Other,Other
t3fY9iSusl,Jane,Brown,+19262735347,196 Hill St,Male,Judaism
k3Bgq18bVz,Michael,Jones,+12435045848,826 Hill St,Other,Buddhism
ixizf8ohSj,Alex,Brown,+13069107285,513 Washington St,Male,Judaism
v68EgXuBYo,Sarah,Miller,+18374891646,716 Elm St,Male,Buddhism
BNKpmYGn9Z,Sarah,Miller,+19781032574,358 Lake St,Female,Hinduism
ikz2u6WxMo,Laura,Johnson,+15366656375,418 High St,Male,Judaism
2RHNCyIHrf,John,Moore,+17405937651,430 Hill St,Male,Christianity
lZabrT3f4V,Sarah,Smith,+19116832893,373 Main St,Other,Islam
uC7xdjH4Qt,Laura,Johnson,+17367701050,208 Maple St,Female,Islam
tt18mu3TfA,John,Brown,+15037910522,218 Main St,Male,Islam
qUmcIISsGr,Laura,Miller,+17571591138,193 Oak St,Male,Christianity
DzLlOPrSvD,Michael,Jones,+15238478280,819 High St,Female,Christianity
donehtNhwS,Alex,Moore,+15864089915,927 Main St,Male,Other
nzY536iJhj,Michael,Jones,+12067684214,232 Broadway,Female,Christianity
2EyFtg6Itb,Emily,Wilson,+16960200339,198 Hill St,Male,Islam
zUv6r9kYZi,Linda,Moore,+11565959060,738 Elm St,Female,Islam
QT2WWOH3vH,Jane,Davis,+13041231372,403 Pine St,Female,Islam
XUoLvuq6fa,Linda,Wilson,+19829840771,299 High St,Male,Islam
UjWL57zuHL,Alex,Brown,+15955975384,985 Elm St,Female,Judaism
xGXHXIfskt,Emily,Smith,+17545012616,681 Broadway,Female,Hinduism
dc5586RIno,Michael,Davis,+13789792618,828 Oak St,Male,Hinduism
12aJEePEet,Laura,Smith,+16283101501,216 Maple St,Other,Christianity
wdO8361Vfh,Linda,Jones,+14838560306,506 Lake St,Other,Buddhism
4uuthzOcoa,Alex,Brown,+15598352523,225 Oak St,Female,Christianity
m1kIF2kWv1,Emily,Smith,+13196639573,425 Main St,Female,Hinduism
q8t5W6xD8i,Linda,Williams,+14892600359,358 Pine St,Other,Other
ZyBLNB1nFv,Linda,Miller,+13553215062,757 Elm St,Female,Islam
SgUoklWnvV,Emily,Williams,+19761928456,404 Broadway,Female,Buddhism
ymdc7xGeMp,Linda,Brown,+14168384499,477 High St,Male,Islam
urzc2fj91G,Michael,Miller,+14476706823,789 Lake St,Female,Other
KePH82McdQ,Laura,Brown,+16094825399,788 Elm St,Female,Buddhism
5k97R2cGlp,David,Wilson,+17507686578,742 Maple St,Other,Buddhism
pxPfSs5rAq,Linda,Davis,+12633261884,830 Main St,Female,Buddhism
Gt6UH3c5mO,Laura,Jones,+12181653468,473 Pine St,Other,Other
voLYUn97X6,Robert,Miller,+11911430357,970 Elm St,Female,Buddhism
RMstPUeRj9,Emily,Brown,+13642757336,445 High St,Other,Buddhism
cZcn8nDWPG,John,Taylor,+15247430214,352 Hill St,Other,Judaism
HqQdhP0jsf,Robert,Davis,+16931468654,425 Washington St,Other,Hinduism
ZNxEAMHYHm,Robert,Miller,+11302670529,728 Broadway,Other,Christianity
7uPSvyAvtc,David,Williams,+13399806065,846 Pine St,Male,Buddhism
9geG1oYF94,David,Brown,+19087094060,745 Broadway,Female,Islam
MHvqK6OwHE,John,Taylor,+12164663879,265 Washington St,Other,Hinduism
h2O5BaYinq,Laura,Davis,+19865499285,880 Washington St,Male,Other
srzFJNAn2F,Sarah,Smith,+12899271485,666 Hill St,Male,Hinduism
cRb6ZM1KwJ,Linda,Williams,+13728999195,124 Broadway,Other,Christianity
AgvNrHZTF8,Jane,Miller,+16685507262,930 Main St,Other,Islam
0xXSUnhG9T,Alex,Miller,+16281227444,155 High St,Female,Judaism
kOXWucWYPh,Laura,Brown,+14809998344,961 Pine St,Male,Other
aJgtQmcwSB,Michael,Davis,+12760024632,578 Washington St,Other,Hinduism
w6gOdrpufi,Laura,Brown,+15829074087,338 High St,Male,Judaism
WJa2XX1gK8,Sarah,Smith,+11875828930,163 Washington St,Female,Other
UaunFo371L,Jane,Taylor,+16991673658,351 Pine St,Other,Hinduism
Cyh5bBYuZS,Laura,Brown,+14583150292,475 Hill St,Female,Islam
DKVq2MiTYu,Jane,Miller,+12490042691,614 Pine St,Female,Islam
HFlHKtCgKs,Alex,Miller,+15195248101,518 Maple St,Male,Christianity
362vKZ2INn,John,Smith,+14989859356,848 Washington St,Female,Islam
KeaP5m3q5p,Jane,Brown,+11131874640,416 Oak St,Male,Other
UwsiHA7ck1,Robert,Davis,+11532684301,742 Oak St,Female,Hinduism
CxsQR5F2Mf,John,Wilson,+13599025203,777 Oak St,Male,Judaism
Megrbcdyjx,Alex,Johnson,+12779537148,815 Oak St,Female,Judaism
SQ8sSeRiIH,Linda,Johnson,+14178121006,480 High St,Male,Judaism
6EvrqfQuMP,John,Smith,+16498983692,445 Broadway,Male,Buddhism
vOCy4EXSfw,John,Jones,+19298379060,398 Washington St,Other,Christianity
jYCRpyxt8e,Emily,Taylor,+16439431338,338 Pine St,Female,Buddhism
2j1lbNSUzR,Michael,Moore,+14980244393,459 Pine St,Other,Other
GY4bkJ0loT,Laura,Brown,+19714553349,689 Maple St,Female,Buddhism
uAokQRqxgu,Alex,Moore,+15134632334,276 Broadway,Other,Judaism
pFTbAoXFoT,John,Wilson,+13557381840,999 Broadway,Female,Other
zX8pCU3N1H,Sarah,Wilson,+16195679210,712 Maple St,Female,Christianity
53494p0UbS,Emily,Johnson,+12453880118,493 Oak St,Female,Judaism
tsxoOJ6I6k,Laura,Wilson,+16547165308,438 Lake St,Male,Islam
YLxRjmlAFl,David,Johnson,+15800542500,537 High St,Female,Judaism
lzYP1Zs2iM,Michael,Wilson,+14544991041,221 Hill St,Female,Buddhism
d1d0MwcUT5,Emily,Miller,+11690968995,984 Lake St,Other,Judaism
QUigtzffPq,Alex,Moore,+12773013120,960 Broadway,Male,Hinduism
1fEi9W9WYM,Alex,Davis,+14201797417,626 Washington St,Other,Christianity
LbeDLl43Kx,Jane,Smith,+19738020946,861 Broadway,Male,Islam
Rl3CUhYZyb,Linda,Moore,+19463183641,683 Washington St,Other,Islam
KtrT6LJsbU,Linda,Williams,+11759166313,161 Lake St,Male,Islam
yrEZEatikt,Laura,Taylor,+12295901700,632 Elm St,Female,Other
28TTbg2fR4,John,Johnson,+11298938237,461 Maple St,Male,Islam
teoNfTS3YO,Emily,Brown,+13348585609,657 Washington St,Other,Christianity
xTmHK16y66,Emily,Taylor,+15776754158,490 Pine St,Other,Buddhism
NPUloWHnoz,Sarah,Miller,+12348481700,103 Hill St,Male,Other
BfGMJCRKqK,David,Taylor,+11612420876,878 Washington St,Female,Christianity
OMA0A9C6iJ,Michael,Jones,+19393425456,511 Hill St,Male,Other
abyBiCw1nF,Linda,Smith,+18468410985,177 Maple St,Male,Christianity
4L9MjzamY1,Jane,Johnson,+13320889328,303 Elm St,Other,Buddhism
Wex0nOWxnl,David,Miller,+17616341233,245 Elm St,Male,Islam
lannVnY6wl,Jane,Johnson,+12475853522,939 High St,Female,Buddhism
qB6cjKfiKw,Robert,Johnson,+19129631591,666 Main St,Female,Islam
2QuCPrOAa1,David,Williams,+12564668851,545 Washington St,Female,Buddhism
b3wNBmECio,Emily,Jones,+15320802388,167 Oak St,Female,Buddhism
uxquR2bh29,Emily,Williams,+18732382150,534 Broadway,Male,Judaism
hShJXfL3qv,Linda,Brown,+13864842766,617 Hill St,Male,Buddhism
B61InhT2yi,Robert,Davis,+17427643935,406 Elm St,Male,Judaism
NB3ETyaIXV,John,Moore,+17324050724,378 Lake St,Female,Islam
P4zoxCsySk,Linda,Jones,+16051174860,138 Main St,Female,Buddhism
LzaKSndfKr,Jane,Jones,+17059702062,815 Lake St,Female,Buddhism
XVaNrH6ncP,John,Davis,+18056525022,113 Pine St,Other,Buddhism
1PlBizQedl,Jane,Moore,+15601100975,844 High St,Male,Christianity
ya97MwiI9c,Emily,Williams,+18864343868,765 High St,Male,Judaism
e7qBtwa4ZL,Jane,Williams,+19480077126,365 Oak St,Other,Hinduism
0kIrFjIPFZ,Alex,Davis,+19927945969,488 Washington St,Male,Judaism
hLcVg1gnfu,Laura,Smith,+19636037814,554 Main St,Other,Islam
0TTH16oD35,David,Williams,+16382909160,934 Washington St,Other,Other
HpkFMnmQsf,Sarah,Brown,+19844808459,133 Hill St,Other,Other
ekv2dsnEP9,Robert,Moore,+13686273429,281 Elm St,Other,Christianity
Xf1F1qH5V7,John,Smith,+13824813040,489 High St,Female,Hinduism
LS64APLyyv,Emily,Smith,+14876812868,307 Washington St,Male,Buddhism
rVuAjN5m8j,David,Wilson,+13115786838,468 Washington St,Other,Islam
4Og9GKOa9s,John,Wilson,+16672898874,417 High St,Other,Islam
BslD4o02ui,Michael,Williams,+14055666341,181 Washington St,Female,Buddhism
AlsNdKyePn,Emily,Jones,+19835534253,631 Lake St,Other,Judaism
HePbsMjzZC,Emily,Jones,+14868317707,725 Elm St,Female,Buddhism
ZDtmKxHR6O,Laura,Miller,+18814409988,942 Maple St,Female,Hinduism
2goFj2AuXQ,Alex,Davis,+13453921066,318 Oak St,Other,Judaism
XzW9XHXRhS,John,Williams,+12776478054,223 High St,Female,Buddhism
IKvurkH2XX,Emily,Brown,+18421933947,641 Lake St,Other,Judaism
RL4mMW8gwy,David,Wilson,+18462674334,501 Washington St,Male,Hinduism
RXGHOmpgk1,Laura,Smith,+11824274279,989 Broadway,Other,Islam
xViAQvd34y,Michael,Taylor,+13131095553,407 Washington St,Female,Other
R2upGbpu7Q,John,Brown,+16001656492,974 Pine St,Female,Other
lpS4JCNrjj,John,Taylor,+18805624406,732 Pine St,Female,Buddhism
hV3coqUJaW,Robert,Moore,+18983040337,542 Hill St,Male,Judaism
SJE0Ppor32,Alex,Johnson,+12456722028,414 Maple St,Other,Buddhism
GBC1VsBlWb,Sarah,Jones,+18775922336,750 Main St,Other,Christianity
9AccS4zZZs,Jane,Williams,+15917863890,525 Main St,Other,Hinduism
PmU11j2MNN,Sarah,Wilson,+19933242503,704 Broadway,Male,Hinduism
apI6REQmVI,Sarah,Jones,+13389367987,404 Main St,Male,Buddhism
u5pGDoft5m,David,Brown,+15051815857,909 Washington St,Other,Judaism
GAcAR5y1H3,John,Johnson,+16119616177,661 Pine St,Other,Islam
v0jCRdhmyY,Linda,Moore,+15363363909,743 Lake St,Male,Other
VvAnVa1e6O,Michael,Brown,+12828858484,138 Washington St,Male,Other
cY1r3kGuch,Linda,Taylor,+17435606026,222 Lake St,Other,Buddhism
ROTCeBeLuk,Robert,Johnson,+11135217442,157 High St,Female,Judaism
wUU7jp8aGW,John,Wilson,+19614716640,710 Lake St,Female,Hinduism
i1qpTkKtn3,Alex,Taylor,+16148139316,467 Broadway,Other,Islam
nvTeOGqmG1,Jane,Miller,+15045303611,193 Broadway,Other,Christianity
98ZLHsIU7L,Sarah,Williams,+18497441109,348 Maple St,Other,Christianity
qEogDFhOi4,Laura,Williams,+15132081909,332 Elm St,Female,Islam
l0urgZQvVj,Robert,Jones,+18170613779,139 Elm St,Male,Judaism
dQEwQfZLJ2,Linda,Jones,+11454093136,964 Pine St,Female,Christianity
KkbA41iHqm,Robert,Smith,+16176748625,950 Lake St,Female,Judaism
8jsaERnDlo,Sarah,Jones,+13173912223,651 Pine St,Male,Other
BwTliYuFSI,Alex,Moore,+17874381103,264 High St,Female,Judaism
REnVQzfss9,Linda,Brown,+18765859556,858 High St,Other,Other
y6UWwnUyfV,Jane,Miller,+17248821339,751 Lake St,Female,Islam
gxxH8kTMOG,Sarah,Williams,+16472166236,674 Oak St,Other,Other
MpzQejRvIX,Robert,Moore,+17436196977,438 Pine St,Male,Other
2TgdRL6qes,Linda,Taylor,+18909465336,302 Hill St,Male,Judaism
Zf5pGTqX0m,Jane,Jones,+18304691759,886 Main St,Other,Buddhism
qst7DmUfXz,Linda,Williams,+13414178487,570 Elm St,Other,Christianity
YC3bgbHboH,David,Moore,+15893496056,872 Pine St,Female,Christianity
PA9MfAZewy,Laura,Wilson,+14660997194,972 High St,Female,Judaism
YPmA9GMAtW,Michael,Smith,+15747382859,882 Oak St,Female,Islam
rutEciD36c,Emily,Moore,+18090734298,824 Main St,Female,Buddhism
SW5hNLr784,Emily,Wilson,+14912680215,519 Broadway,Other,Judaism
1CaI6g93K6,Jane,Moore,+17326214549,653 Pine St,Female,Christianity
3IjR6N25k9,Sarah,Smith,+18713872160,478 Maple St,Male,Other
4MPHC0I2rC,Laura,Jones,+12899832338,166 Maple St,Male,Christianity
mv8fYBsa3B,Emily,Williams,+17188079396,600 Maple St,Other,Islam
lDJxThhwyM,Michael,Taylor,+12625177069,278 Elm St,Female,Judaism
Y7ImLO4fWj,David,Williams,+14290600432,117 Hill St,Male,Judaism
PImiHlJ6Y9,David,Brown,+11524757377,299 Elm St,Male,Islam
7qo0Ys5auh,Jane,Brown,+18081035738,247 Washington St,Female,Judaism
WOWIpLG2iu,Sarah,Brown,+17442382321,639 Hill St,Male,Other
ecssted6LX,Linda,Smith,+16656068133,294 Hill St,Female,Buddhism
DErsvHsA79,Emily,Johnson,+13842069012,451 High St,Other,Hinduism
n9K853LZqO,Laura,Jones,+16956182474,830 Hill St,Female,Other
ENG17VvGvA,Robert,Jones,+16252171217,870 Lake St,Male,Other
DWa9fTMjMA,Sarah,Jones,+14485028509,606 Main St,Female,Other
7fz9LLSrHX,Jane,Davis,+13958356423,326 Main St,Male,Judaism
bVyauRhIma,Michael,Jones,+11977187307,256 Hill St,Other,Hinduism
HcjR9V7U4K,John,Moore,+13524247923,199 Lake St,Female,Buddhism
JxrLMPbLmk,Emily,Moore,+17343757206,605 Washington St,Other,Other
mbMEj4fHYs,David,Smith,+17259881282,314 Washington St,Female,Christianity
xHjHLUF04n,Robert,Jones,+13044425398,650 Lake St,Other,Christianity
z6rKYD3PrG,Jane,Jones,+11653091014,365 High St,Other,Hinduism
d3IlryXUVC,David,Smith,+14531548637,392 Lake St,Female,Hinduism
VsGAksddHX,Robert,Jones,+12663272376,604 Pine St,Female,Judaism
W41dnb6V68,Linda,Williams,+15596084328,456 Lake St,Male,Hinduism
9tzQQKj602,John,Taylor,+16192398318,594 Broadway,Female,Other
MWmmrVT2qk,Jane,Miller,+17636112879,100 Oak St,Female,Christianity
L9omsVCRLN,Emily,Williams,+12643035914,887 Maple St,Male,Islam
EEDPHzpY8t,David,Brown,+15902929989,986 Hill St,Female,Other
BW1um4uFct,Alex,Williams,+16855165495,670 Lake St,Other,Judaism
vQG6QUbxcX,David,Wilson,+16643198187,109 Maple St,Male,Hinduism
zg7Bzfm9nP,Sarah,Taylor,+14065893341,334 Lake St,Other,Hinduism
q5VOxs5ivv,Linda,Davis,+15677325879,351 Broadway,Other,Other
DTGuF7TM58,David,Wilson,+17581179576,592 Pine St,Male,Buddhism
m42p3Vyj5H,Robert,Taylor,+13660246953,367 Elm St,Female,Hinduism
P3w9ceqgPu,Michael,Wilson,+16987930278,785 Hill St,Female,Other
a3FKggDtRj,Linda,Williams,+16298134177,473 Lake St,Other,Buddhism
CDmfWnCUXB,Alex,Johnson,+17282640531,658 Elm St,Female,Islam
nV3Nv8UU1n,Sarah,Jones,+11390436789,997 Oak St,Female,Other
je1zllMmSo,Laura,Johnson,+19145261141,894 Broadway,Other,Other
RlaU8j1Y1F,Emily,Williams,+14485663337,135 Washington St,Female,Judaism
E4cRn5SZ4I,Laura,Williams,+16074639686,793 Pine St,Other,Buddhism
SIzdxNr5Kj,John,Jones,+13458712296,864 Pine St,Other,Hinduism
6mCMjS5Brw,Emily,Williams,+14806837208,136 Maple St,Female,Hinduism
sB9yyAxAmu,Emily,Davis,+11229603068,425 Oak St,Female,Judaism
OiHvD2skUB,Michael,Miller,+16861682964,216 Broadway,Other,Other
CTNL7mInog,Alex,Moore,+19893240023,953 Main St,Other,Other
N4g8iNmddM,Alex,Williams,+16639653434,939 Washington St,Other,Buddhism
A2lGDj9UXL,Alex,Miller,+14710246196,182 Main St,Female,Islam
AJe0KA2CgP,Sarah,Jones,+18626624716,709 High St,Male,Other
I6tR2TfrJA,Laura,Davis,+15591771068,558 Hill St,Other,Buddhism
HxuWqgRuWu,Sarah,Taylor,+15651240417,127 Main St,Female,Hinduism
4VEzEUXwV1,Emily,Moore,+16280497988,775 Lake St,Female,Judaism
fj0OExKWud,Sarah,Jones,+11548377459,874 Lake St,Other,Other
KpM14xXXpt,Robert,Davis,+13168044086,348 Hill St,Male,Christianity
4inYuJ7Uud,Linda,Jones,+12499090797,888 Elm St,Female,Christianity
I0U42CEe0P,Robert,Brown,+11974987082,531 Hill St,Other,Christianity
cC1CcLwHlc,Robert,Williams,+13466596492,563 Oak St,Male,Buddhism
E3Gssg5ipv,David,Jones,+12726304487,242 Washington St,Female,Christianity
mCOQ3crbrj,David,Taylor,+17532250972,230 High St,Other,Other
Wz4hbYq0mX,Sarah,Miller,+14558895085,560 Lake St,Other,Other
agiZUTqdrP,Linda,Johnson,+16013970787,191 Hill St,Other,Buddhism
7vb5yLDHaT,Alex,Williams,+11650458301,289 Lake St,Female,Hinduism
kGXsfQo2a2,Michael,Miller,+15741802530,968 Maple St,Female,Other
beQV3DQYbu,John,Williams,+11790314239,964 Pine St,Male,Buddhism
sClqLyP92J,David,Brown,+15304214930,301 Elm St,Male,Christianity
FZ4SLKfc3j,Emily,Johnson,+12739420999,390 Hill St,Male,Christianity
jmqsOWYeAl,Linda,Jones,+14667174430,247 Oak St,Other,Hinduism
A3UfiiygWB,John,Moore,+19856066506,970 High St,Female,Buddhism
UgtpqzDOwp,Michael,Wilson,+16982498805,801 Hill St,Male,Buddhism
OyeswjWhro,Laura,Jones,+17709029781,541 Broadway,Female,Christianity
tQ95MMaLbk,Linda,Williams,+16475063659,696 Elm St,Male,Other
5t8cbHaNtK,Emily,Wilson,+16050868564,307 Hill St,Female,Other
qQx3630iDU,John,Smith,+15444960748,384 Hill St,Female,Hinduism
Ny3dY7vxQy,Laura,Taylor,+18987233921,525 Lake St,Female,Other
e9i7fgL72N,Linda,Miller,+11771025867,794 Main St,Male,Islam
mRJjVN530I,Linda,Moore,+12533351473,153 Maple St,Male,Judaism
wo24oOdnSB,Robert,Jones,+15895115278,359 Hill St,Female,Christianity
omQfboE10j,Sarah,Brown,+12925895432,363 Maple St,Other,Buddhism
xBMkaXu8B4,John,Johnson,+13957426192,889 High St,Male,Buddhism
xJ3Zf38xfZ,Robert,Taylor,+11553664188,379 Washington St,Other,Hinduism
iFbXHRoAjn,Linda,Taylor,+13405056796,938 Washington St,Male,Hinduism
P1A3nRh8yi,Jane,Davis,+16135469082,398 Hill St,Female,Islam
zlUzX3TRbW,Jane,Johnson,+11134226077,949 Lake St,Female,Buddhism
AHnMmsH4O9,Sarah,Taylor,+13651387515,868 High St,Female,Buddhism
zZEHF1X8h6,John,Davis,+12651007192,796 Hill St,Male,Other
rJBVeklEsv,Michael,Smith,+12851463692,386 Oak St,Other,Hinduism
a1eNFenJmw,Emily,Davis,+17349066735,669 Elm St,Other,Hinduism
v9knjqNwTd,Michael,Jones,+17945890433,908 Pine St,Female,Other
fMo398DcXz,Michael,Jones,+11132894035,403 Elm St,Male,Islam
ZqEWcLMvk8,Emily,Johnson,+12894901256,599 Pine St,Female,Other
uc0xiRADJ2,Laura,Brown,+14375697372,686 Washington St,Male,Hinduism
5MP1WpHtaF,Robert,Davis,+16941110053,933 Washington St,Other,Islam
9knu6P1cBE,Robert,Taylor,+16931859367,325 Broadway,Other,Buddhism
wSExqKDBFV,Robert,Davis,+18521731054,469 Maple St,Male,Christianity
U0ogavPemw,Alex,Moore,+15140069428,700 Main St,Male,Other
JzsrgLODyq,David,Johnson,+17229739348,303 Main St,Male,Hinduism
FxQyG3CR6t,David,Miller,+13638458706,528 Oak St,Male,Hinduism
pPeDZpZh3H,Alex,Smith,+19769198247,546 Pine St,Male,Buddhism
CLQQSYnvPd,Linda,Taylor,+12495327828,931 Maple St,Female,Buddhism
YRAp1bBFq8,Emily,Davis,+12367383862,825 Pine St,Male,Hinduism
PjQvGIAwoh,Robert,Williams,+17564903313,258 Pine St,Female,Other
THXOMchHlv,Jane,Smith,+18029529471,798 High St,Other,Hinduism
Ua4xhCusSA,Linda,Williams,+17402065224,872 Pine St,Other,Hinduism
mCEuYiMDAb,David,Moore,+17956314349,331 Pine St,Female,Christianity
eajI8TXSdw,Alex,Miller,+18058237371,228 Lake St,Female,Hinduism
t0LtMcYkPl,Sarah,Taylor,+16433286698,380 High St,Other,Buddhism
Ko5Y1C4VMw,David,Johnson,+12676987144,628 Lake St,Male,Hinduism
mPCiPnAqLP,Jane,Davis,+12860738856,958 High St,Female,Islam
PFWApe4JfO,Alex,Williams,+12964673877,421 Elm St,Other,Islam
1CpxrhdSgV,Laura,Brown,+16113171711,553 Lake St,Female,Other
MeJuylmVaL,Linda,Moore,+15501314701,227 Elm St,Male,Other
Sm67N6fcLa,Sarah,Brown,+17686022182,203 High St,Female,Islam
mns018AnAl,Alex,Moore,+18178740584,509 Elm St,Male,Judaism
0B6SiRuvyF,John,Smith,+17273948905,803 Oak St,Female,Judaism
Km3LsArWtv,Emily,Johnson,+16998446792,744 High St,Male,Other
9fGrQMS4Bz,Laura,Jones,+14993784248,476 Oak St,Other,Islam
fbcyzcSqdW,David,Miller,+16804539241,709 Pine St,Female,Judaism
LPBqEuEGRT,Laura,Taylor,+14867161664,941 Broadway,Male,Judaism
e851EESadS,Laura,Miller,+13121416850,249 High St,Male,Judaism
PHSGwlRFW0,Linda,Williams,+18737361779,575 Washington St,Male,Buddhism
r7E4IiNMti,John,Smith,+11822195647,971 High St,Other,Other
ZOOwaiT9YS,Laura,Jones,+15599445364,293 Maple St,Female,Islam
aD0GnOxxax,Michael,Wilson,+16103032965,188 Washington St,Female,Christianity
95MWHibwbI,Laura,Moore,+16921522992,382 Lake St,Male,Hinduism
Vd2djozPWX,Robert,Moore,+11747991622,772 Broadway,Other,Christianity
BWFdq75mcu,Jane,Johnson,+14424428369,255 Pine St,Male,Buddhism
YcRtc3bZ63,Jane,Wilson,+15897553098,544 Washington St,Other,Hinduism
wVcWlkmis6,Jane,Taylor,+15375440612,426 Washington St,Female,Buddhism
AAlDlI04sF,Linda,Jones,+17647985706,946 Lake St,Male,Other
ruyT0dTsnu,Alex,Miller,+14406150925,404 Elm St,Male,Other
mD2aNAD6xW,Alex,Wilson,+17802694713,896 Lake St,Male,Other
NoXnl9ebS9,Laura,Davis,+17808847056,756 Elm St,Other,Islam
